Season,Episode,Scenes per episode,Title,Title length,Abstract,Director,Rating
1,1,15,The One Where Monica Gets a Roommate: The Pilot,47,Monica and the gang introduce Rachel to the real world after she leaves her fiancé at the altar.,James Burrows,8.3
1,2,11,The One with the Sonogram at the End,36,Ross finds out his ex-wife is pregnant. Rachel returns her engagement ring to Barry. Monica becomes stressed when her and Ross's parents come to visit.,James Burrows,8.1
1,3,14,The One with the Thumb,22,Monica becomes irritated when everyone likes her new boyfriend more than she does. Chandler resumes his smoking habit. Phoebe is given $7000 when she finds a thumb in a can of soda.,James Burrows,8.2
1,4,16,The One with George Stephanopoulos,34,Joey and Chandler take Ross to a hockey game to take his mind off the anniversary of the first time he slept with Carol while the girls become depressed when they realize they don't have a plan.,James Burrows,8.1
1,5,16,The One with the East German Laundry Detergent,46,Eager to spend time with Rachel Ross pretends his washroom is rat-infested so he can join her at the laundromat. Meanwhile Joey has Monica pose as his girlfriend and Chandler struggles to break up with his girlfriend.,Pamela Fryman,8.5
1,6,9,The One with the Butt,21,Monica's obsessiveness is put to the test after Rachel cleans the apartment. Joey lands a film role as Al Pacino's butt double. Chandler enjoys a relationship with all of the fun but none of the responsibility.,Arlene Sanford,8.1
1,7,21,The One with the Blackout,25,When New York suffers from a blackout Ross tries to tell Rachel that he likes her and Chandler gets stuck in an ATM vestibule with a model.,James Burrows,9.0
1,8,13,The One Where Nana Dies Twice,29,Monica and Ross mourn the loss of their grandmother. Chandler is shocked to find that people think he is gay.,James Burrows,8.1
1,9,13,The One Where Underdog Gets Away,32,The gang's plans for Thanksgiving go awry after they get locked out of Monica and Rachel's apartment.,James Burrows,8.2
1,10,8,The One with the Monkey,23,The gang make (and break) a pact not to bring dates to their New Years Eve party. Phoebe starts dating a scientist. Ross compensates for his loneliness by getting a monkey.,Peter Bonerz,8.1
1,11,12,The One with Mrs. Bing,22,Chandler's flamboyant romance-novelist mother comes to visit and Joey catches her kissing Ross. Meanwhile Monica and Phoebe fight over a guy in a coma.,James Burrows,8.2
1,12,15,The One with the Dozen Lasagnas,31,Rachel and Paolo's relationship hits a snag when he makes a pss at Phoebe. Ross refuses to find out the sex of his baby until it's born. Chandler and Joey go shopping for a new kitchen table.,Paul Lazarus,8.2
1,13,13,The One with the Boobies,24,Joey finds out his dad has a mistress. Rachel tries to even the score after Chandler inadvertently catches a glimpse of her breasts. Phoebe dates a shrink who analyzes the gang.,Alan Myerson,8.7
1,14,17,The One with the Candy Hearts,29,As Valentine's Day approaches Ross and his date end up at the same restaurant as Carol and Susan. Joey inadvertently sets Chandler up on a blind date with Janice and the girls burn mementos of their old boyfriends.,James Burrows,8.3
1,15,14,The One with the Stoned Guy,27,Monica cooks a gourmet meal for a restaurateur who is looking for a new chef however he arrives at the apartment stoned. Meanwhile Ross tries to master dirty talk.,Alan Myerson,8.2
1,16,16,The One with Two Parts: Part 1,30,Phoebe feels neglected when Joey falls for her twin sister. Chandler struggles to fire an attractive co-worker. Ross attends Lamaze classes with Carol and Susan.,Michael Lembeck,8.2
1,17,14,The One with Two Parts: Part 2,30,Rachel switches identities with Monica so she can use her health insurance. Meanwhile Ursula continues to come between Phoebe and Joey.,Michael Lembeck,8.5
1,18,8,The One with All the Poker,26,As Rachel interviews for a new job the girls take on the guys in a game of poker.,James Burrows,8.8
1,19,9,The One Where the Monkey Gets Away,34,The gang frantically search for Ross's monkey Marcel after Rachel loses him.,Peter Bonerz,8.1
1,20,12,The One with the Evil Orthodontist,34,Rachel and Barry start dating again despite the fact that he's now engaged to Mindy. Chandler goes nuts when a woman he likes won't return his phone calls.,Peter Bonerz,7.9
1,21,15,The One with the Fake Monica,28,Monica befriends the woman who stole her credit card. Ross is forced to give away Marcel. Joey tries to come up with a less ethnic-sounding stage name.,Gail Mancuso,7.9
1,22,13,The One with the Ick Factor,27,Monica gets a shock when she finds out her boyfriend is a high school student. Chandler finds out his colleagues don't like him when Phoebe temps as his secretary.,Robby Benson,8.3
1,23,21,The One with the Birth,22,As Carol goes into labor Ross and Susan argue. Rachel flirts with Carol's doctor and Joey assists a pregnant single mother.,James Burrows,8.7
1,24,11,The One Where Rachel Finds Out,30,As Ross leaves for China Chandler accidentally reveals Ross's feelings for Rachel. Joey takes part in a fertility study and is unable to sleep with his new girlfriend.,Kevin Bright,8.9
2,1,12,The One with Ross's New Girlfriend,34,Rachel waits for Ross at the airport unaware he has a new girlfriend. Meanwhile Chandler has a frightening experience with Joey's tailor and Phoebe gives Monica a bad haircut.,Michael Lembeck,8.5
2,2,14,The One with the Breast Milk,28,Monica goes shopping with Julie and tries to keep it a secret from Rachel. Ross is grossed out by Carol's breast milk. At his day job Joey competes with a fellow cologne spritzer.,Michael Lembeck,8.2
2,3,11,The One Where Heckles Dies,26,After Mr. Heckles dies and leaves all his belongings to Monica and Rachel Chandler worries he will die alone just like him. Meanwhile Phoebe and Ross argue over evolution.,Kevin Bright,8.4
2,4,12,The One with Phoebe's Husband,29,When the gang find out Phoebe married a gay Canadian ice dancer for a green card more of their secrets are revealed. Meanwhile Rachel gives Ross bad advice on his relationship with Julie.,Gail Mancuso,8.0
2,5,7,The One with Five Steaks and an Eggplant,40,The gang are divided by income issues: Monica Ross and Chandler have money and Rachel Phoebe and Joey don't.,Ellen Gittelsohn,8.3
2,6,6,The One with the Baby on the Bus,32,Joey and Chandler are left to babysit Ben when Monica takes Ross to the hospital. Meanwhile Phoebe loses her singing gig at Central Perk to a professional singer.,Gail Mancuso,8.6
2,7,12,The One Where Ross Finds Out,28,A drunken Rachel calls Ross and reveals her feelings for him on his answering machine. Meanwhile Monica keeps busy by being Chandler's personal trainer and Phoebe constantly wonders why her current boyfriend won't sleep with her.,Peter Bonerz,9.0
2,8,13,The One with the List,21,With help from Chandler and Joey Ross makes a list of pros and cons to decide whether to be with Julie or Rachel. Meanwhile Monica gets a job making dessert with a disgusting synthetic chocolate substitute.,Mary Kay Place,8.5
2,9,12,The One with Phoebe's Dad,25,Phoebe tracks down her father but isn't sure whether she should meet him. Ross asks Rachel to make a list of pros and cons about him.,Kevin Bright,8.0
2,10,9,The One with Russ,17,Monica gets back together with 'Fun Bobby' and realizes why he is always so upbeat. Rachel starts dating a guy called Russ who bears an uncanny resemblance to Ross.,Thomas Schlamme,8.0
2,11,11,The One with the Lesbian Wedding,32,Rachel's mom comes to visit with big news. Monica caters Carol and Susan's wedding. Phoebe becomes 'possessed' by the spirit of a recently deceased client.,Thomas Schlamme,8.1
2,12,15,The One After the Superbowl: Part 1,35,Ross goes to visit Marcel whilst on a trip to California and discovers he is working in commercials. Joey receives a fan letter from an attractive but unstable woman. Phoebe is asked to sing for children at a library.,Michael Lembeck,8.6
2,13,13,The One After the Superbowl: Part 2,35,Ross finds Marcel on the set of a new movie where Chandler bumps into a former schoolmate. Meanwhile Rachel and Monica compete for the affections of Jean-Claude Van Damme.,Michael Lembeck,8.8
2,14,11,The One with the Prom Video,27,The gang watches a home video from the night of Monica and Rachel's prom. Joey gives Chandler a hideous bracelet.,James Burrows,9.4
2,15,15,The One Where Ross and Rachel... You Know,41,Monica becomes infatuated with a friend of her parents when she caters a party for him. Ross and Rachel go on their first date. Joey and Chandler refuse to move when they get a new TV and two armchairs.,Michael Lembeck,8.9
2,16,16,The One Where Joey Moves Out,28,Joey and Chandler's friendship is jeopardized when Joey decides to move out. Monica worries about her parents finding out about her relationship with Richard when they attend a party together. Rachel and Phoebe go to get tattoos.,Michael Lembeck,8.6
2,17,15,The One Where Eddie Moves In,28,Chandler gets a new roommate. Phoebe gets the chance to make a music video for her song 'Smelly Cat'. Ross and Monica clash when he is always at her and Rachel's apartment.,Michael Lembeck,8.3
2,18,15,The One Where Dr. Ramoray Dies,30,Joey's soap opera character is killed off after he brags in an interview that he writes his own lines. Chandler is unnerved by Eddie's strange behavior while Ross and Rachel compare their past lovers as do Richard and Monica.,Michael Lembeck,8.5
2,19,15,The One Where Eddie Won't Go,28,Chandler demands that Eddie move out however he doesn't seem to get the message. Meanwhile a book on empowerment for women inspires the girls. In order to pay his bills Ross convinces Joey to audition for a role he doesn't want.,Michael Lembeck,8.6
2,20,11,The One Where Old Yeller Dies,29,Phoebe's world view is shattered when she learns how Old Yeller really ends. Monica becomes jealous when Richard starts hanging out with Chandler and Joey. Rachel panics when she learns that Ross has planned their whole life together.,Michael Lembeck,8.2
2,21,13,The One with the Bullies,24,Chandler and Ross run into two bullies at Central Perk. Monica tries her luck at the stock market to avoid taking a job at a 1950s themed diner. Phoebe drives upstate for a second time to meet her father while Joey and Rachel accompany her.,Michael Lembeck,8.2
2,22,8,The One with the Two Parties,28,Chaos ensues when Rachel's recently divorced parents show up at her surprise birthday party so the gang has to find ways to keep her parents separated otherwise they'll start fighting.,Michael Lembeck,9.0
2,23,14,The One with the Chicken Pox,28,Phoebe catches chicken pox just as an old flame arrives in town on leave from the Navy. Joey gets a job at Chandler's office. Monica is upset that Richard doesn't have any quirks.,Michael Lembeck,8.1
2,24,13,The One with Barry and Mindy's Wedding,38,Rachel reluctantly agrees to be maid of honor at her ex-fiancÃ© Barry's wedding. Monica ponders her future with Richard. Joey has to practice kissing guys to get a role in Warren Beatty's new movie but Ross and Chandler are unwilling to help him.,Michael Lembeck,8.2
3,1,14,The One with the Princess Leia Fantasy,38,Monica suffers from insomnia and depression following her breakup with Richard. Joey struggles to accept Chandler and Janice's relationship. Ross confides in Rachel about one of his fantasies.,Gail Mancuso,8.4
3,2,4,The One Where No One's Ready,28,A stressed Ross desperately and insistently tries to get the rest of the gang ready for a black tie event at the museum while Joey and Chandler clash over personal belongings and personal space.,Gail Mancuso,9.0
3,3,12,The One with the Jam,20,Monica tries to get over Richard by using her free time to make jam and considers artificial insemination through a sperm bank. Phoebe is stalked by a man who mistakes her for Ursula.,Kevin Bright,8.1
3,4,12,The One with the Metaphorical Tunnel,36,Chandler tries to get over his fear of commitment. Phoebe poses as Joey's agent after she forgets to tell him about an audition. Ross panics after seeing Ben play with a Barbie doll and tries to convince him to play with more manly toys.,Steve Zuckerman,8.1
3,5,15,The One with Frank Jr.,22,Phoebe has trouble bonding with her half-brother Frank when he comes to visit. Joey attempts to build an entertainment center. Ross is challenged to name the five celebrities he'd like to sleep with most.,Steve Zuckerman,8.1
3,6,16,The One with the Flashback,26,The gang remember the events three years ago when several of them almost slept together.,Peter Bonerz,9.1
3,7,17,The One with the Race Car Bed,29,Monica buys a bed from Janice's soon to be ex husband. Ross and Rachel have dinner with Rachel's father. Joey leads an acting class.,Gail Mancuso,8.3
3,8,13,The One with the Giant Poking Device,36,Chandler is devastated after Joey tells him he saw Janice kissing her ex-husband. Monica accidentally bumps Ben's head into a post when she and Rachel babysit. Phoebe is paranoid if she goes to dentist someone she knows will die.,Gail Mancuso,8.4
3,9,6,The One with the Football,25,Old sibling rivalry between Monica and Ross resurfaces and postpones Thanksgiving dinner when the gang decide to play a game of 'touch' football.,Kevin Bright,9.0
3,10,15,The One Where Rachel Quits,26,Ross accidentally breaks a little girl's leg and tries to help her sell boxes of cookies which recreates Monica's childhood fixation. Rachel quits her job at Central Perk and Joey's Christmas tree selling conflicts with Phoebe's principles.,Terry Hughes,8.1
3,11,14,The One Where Chandler Can't Remember Which Sister,50,A drunken Chandler fools around with one of Joey's sisters - but he can't remember which one. Ross becomes skeptical when a guy at the diner gets Rachel an interview for a position at Bloomingdales.,Terry Hughes,8.6
3,12,16,The One with All the Jealousy,29,Ross becomes insanely jealous of Mark. Monica hooks up with a co-worker who writes her a poem with a hidden meaning. One of Joey's numerous lies on his resume is exposed when he takes part in a Broadway production.,Robby Benson,8.2
3,13,14,The One Where Monica and Richard Are Just Friends,49,Monica's willpower is tested when she bumps into Richard. Joey and Rachel exchange their favorite books. Phoebe dates an athletic guy who doesn't realize he has a 'wardrobe malfunction'.,Robby Benson,8.2
3,14,19,The One with Phoebe's Ex-Partner,32,Phoebe is reunited with her former singing partner who thinks 'Smelly Cat' has hit potential. Chandler dates a woman with a prosthetic leg.,Robby Benson,7.9
3,15,17,The One Where Ross and Rachel Take a Break,42,Ross seeks solace at a party after a bitter fight with Rachel and ends up in the arms of another woman. Phoebe's date needs an interpreter to communicate.,James Burrows,8.5
3,16,14,The One with the Morning After,30,Ross is guilt-ridden after sleeping with Chloe and desperately tries to stop Rachel from finding out and when she does the rest of the gang listen to them argue and end up trapped in Monica's room for the rest of the night.,James Burrows,9.1
3,17,11,The One Without the Ski Trip,28,Monica Chandler Phoebe and Joey become stuck in the middle of Ross and Rachel's fight following their break-up.,Sam Simon,8.3
3,18,16,The One with the Hypnosis Tape,30,Monica goes out with a guy who turns out to be a software billionaire. Chandler's stop smoking hypnosis tape has an unexpected side effect. Frank makes a surprise announcement that he is getting married - to a woman twice his age.,Robby Benson,8.4
3,19,16,The One with the Tiny T-Shirt,29,Rachel goes on her first date after splitting from Ross with Mark. Joey clashes with his co-star in his new play. Monica continues to date Pete even though she is still not attracted to him.,Terry Hughes,8.2
3,20,15,The One with the Dollhouse,26,Monica's aunt dies and leaves her an antique dollhouse that she doesn't want Phoebe to play with. Rachel regrets setting up Chandler with her boss Joanna.,Terry Hughes,8.1
3,21,16,The One with the Chick and the Duck,35,Joey buys a chick for him and Chandler. Pete offers Monica a job at his restaurant but she is undecided if she should accept it. Ross shows his continued feelings for Rachel when he gives up being on TV for her.,Michael Lembeck,8.7
3,22,13,The One with the Screamer,25,Ross witnesses Rachel's date screaming at people. Meanwhile Joey becomes upset when Kate is offered a job in Los Angeles. Phoebe refuses to hang up the phone when she is placed on hold by her phone company.,Peter Bonerz,8.3
3,23,15,The One with Ross's Thing,25,Ross seeks medical help when he finds a mysterious skin condition on his backside. Phoebe struggles to choose between two guys. Monica can't decide what to do about Pete when she thinks he is going to propose.,Shelley Jensen,8.1
3,24,15,The One with the Ultimate Fighting Champion,43,Monica struggles to support Pete in his goal to become the Ultimate Fighting Champion. Chandler is uneasy when his boss playfully slaps his butt. Rachel becomes jealous when Ross starts dating a woman that was introduced to him by Phoebe.,Robby Benson,8.1
3,25,13,The One at the Beach,20,While at the beach Phoebe meets a family friend with links to her past. Ross discovers that Rachel still loves him and must decide between her and Bonnie.,Pamela Fryman,8.9
4,1,14,The One with the Jellyfish,26,Ross chooses between Rachel and his bald-headed girlfriend Bonnie. Joey Chandler and Monica have a perilous encounter with a jellyfish at the beach.,Shelley Jensen,9.1
4,2,14,The One with the Cat,20,Phoebe becomes convinced that the spirit of her dead mother is inside a cat. Chandler and Joey are robbed. Monica goes on a date with a guy from her high school.,Shelley Jensen,8.1
4,3,16,The One with the 'Cuffs,23,Monica tries to avoid criticism when she caters a party for her mother. Chandler ends up half naked and handcuffed to a chair in Rachel's boss's office. Joey tries to get educated from a salesman trying to sell him a set of encyclopedias.,Peter Bonerz,8.5
4,4,15,The One with the Ballroom Dancing,33,Joey is forced to help Treeger learn how to dance after he threatens to have Monica and Rachel evicted. Phoebe develops a crush on one of her clients. Ross tries to help Chandler quit the gym.,Gail Mancuso,8.2
4,5,16,The One with Joey's New Girlfriend,34,Chandler develops feelings for Joey's new girlfriend. Ross and Rachel try to make each other jealous with their dates. Phoebe's cold gives her a sexy singing voice.,Gail Mancuso,8.4
4,6,13,The One with the Dirty Girl,27,Ross's new girlfriend is nearly perfect until he discovers her apartment is very dirty. Chandler buys a better birthday present for Kathy than Joey. Phoebe helps Monica cater an event. Rachel is obsessed at finishing a crossword puzzle by herself.,Shelley Jensen,8.5
4,7,11,The One Where Chandler Crosses the Line,39,Chandler is guilt-ridden after kissing Kathy. Ross starts playing the keyboard again and everyone except Phoebe thinks he's terrible. Joey dates someone else while still attached to Kathy.,Kevin Bright,8.7
4,8,9,The One with Chandler in a Box,30,Chandler tries to earn Joey's forgiveness by lying in a wooden box for six hours. Monica accidentally gets ice in her eye and her doctor turns out to be Richard's son and it's discovered Rachel exchanges the gifts she received in the past.,Peter Bonerz,9.1
4,9,14,The One Where They're Going to Party!,37,Monica ends up having to choose between a head chef position or the catering business she started with Phoebe. Rachel is close to getting a promotion but tragedy strikes. Chandler and Ross are excited when an old friend is coming to town.,Peter Bonerz,7.9
4,10,16,The One with the Girl from Poughkeepsie,39,In order for her kitchen staff to acknowledge her authority Monica hires Joey so she can fire him in front of them. Chandler unsuccessfully tries to set Rachel up with a co-worker. Ross can't choose between two girls.,Gary Halvorson,8.1
4,11,11,The One with Phoebe's Uterus,28,Newlyweds Frank and Alice ask Phoebe to be their surrogate. Joey gets a job as a tour guide at Ross's museum. Chandler asks Monica and Rachel for advice on how to sexually satisfy Kathy.,David Steinberg,8.5
4,12,10,The One with the Embryos,24,Phoebe's uterus is examined for implantation of the embryos. Meanwhile a seemingly harmless game between Chandler and Joey against Monica and Rachel escalates into a full blown contest where the stakes are raised higher and higher.,Kevin Bright,9.5
4,13,13,The One with Rachel's Crush,27,After seeing Kathy's play Chandler becomes convinced she is cheating on him with her co-star. Rachel develops a crush on one of her customers. Monica becomes jealous when she realizes she is no longer the 'hostess'.,Dana De Vally Piazza,8.2
4,14,11,The One with Joey's Dirty Day,29,Joey arrives on the set of his latest movie unwashed after a three-day fishing trip with his dad. Rachel sets up Ross with the niece of her boss. Chandler goes through three phrases to help recover from Kathy cheating on him.,Peter Bonerz,8.2
4,15,14,The One with All the Rugby,26,Chandler runs into Janice and finds her more irritating than ever and creates an elaborate plan to break up with her. meanwhile Ross attempts to learn how to play rugby to impress Emily and Monica obsesses over a electric lighting switch.,James Burrows,8.5
4,16,7,The One with the Fake Party,27,Rachel organizes a fake good bye party for Emily so she can spend time with Joshua. A side effect from her pregnancy causes Phoebe to have a craving for meat.,Michael Lembeck,8.2
4,17,13,The One with the Free Porn,26,Chandler and Joey discover that they're getting a free porn channel on their TV. Monica encourages Ross to tell Emily he loves her just before she leaves for London. Phoebe gets a shock when she visits her OB-GYN.,Michael Lembeck,8.6
4,18,13,The One with Rachel's New Dress,31,Rachel has an awkward encounter with Joshua's parents. Phoebe is offered the chance to name one of the triplets. Ross becomes paranoid when Emily goes to London with Susan.,Gail Mancuso,8.3
4,19,8,The One with All the Haste,26,Ross proposes to Emily. Monica and Rachel try to win their apartment back from Chandler and Joey.,Kevin Bright,8.7
4,20,13,The One with All the Wedding Dresses,36,Monica tries on Emily's wedding dress and can't stop wearing it. Jealous of Ross's proposal to Emily Rachel tries to talk Joshua into marriage. Chandler takes Joey to a sleep clinic when he starts snoring.,Gail Mancuso,8.5
4,21,29,The One with the Invitation,27,As Ross and Emily send out wedding invitations he and Rachel each look back on their relationship together while Joey and Chandler look for a purpose in life.,Peter Bonerz,7.2
4,22,16,The One with the Worst Best Man Ever,36,At first Ross chooses Joey to be his best man but after a mishap at his bachelor party he decides he wants both Joey and Chandler as his best men. Phoebe's mood swings makes Monica and Rachel nervous.,Peter Bonerz,8.5
4,23,15,The One with Ross's Wedding,27,Phoebe tries to help Rachel deal with her feelings for Ross as the rest of the gang head to London for Ross and Emily's wedding while someone else unexpectedly shows up to the wedding.,Kevin Bright,8.7
4,24,26,The One with Ross's Wedding,27,Phoebe tries to warn the gang that Rachel is coming to London to tell Ross she still loves him. Ross and Emily's parents get into an argument over the bill for the wedding. Monica and Chandler sleep together. The wedding ends with a gaffe.,Kevin Bright,9.2
5,1,9,The One After Ross Says Rachel,30,A humiliated Emily runs away after Ross says Rachel's name at the altar. Meanwhile Chandler and Monica struggle to get time alone together.,Kevin Bright,8.9
5,2,10,The One with All the Kissing,28,Chandler must constantly kiss the girls to cover up a kiss he gave to Monica to hide their affair. Phoebe gets irritated when the gang constantly talk about London. Rachel puts Monica in charge of her love life. Ross tries to contact Emily.,Gary Halvorson,9.0
5,3,17,The One Hundredth,17,The gang take Phoebe to the hospital after she goes into labor. Monica threatens to go on a date with a male nurse after Chandler claims they are 'just goofing around'. Joey gets treated for kidney stones.,Kevin Bright,8.8
5,4,14,The One Where Phoebe Hates PBS,30,Ross finally gets in touch with Emily and they try to work it out. Chandler gloats after Rachel reveals that Monica's secret boyfriend is the best sex she ever had. Phoebe and Joey debate if a selfless good deed exists.,Shelley Jensen,8.3
5,5,13,The One with the Kips,21,Chandler and Monica go away for the weekend but spend the entire time fighting. Ross tries to tell Rachel about his agreement with Emily.,Dana De Vally Piazza,8.8
5,6,12,The One with the Yeti,21,The gang become frustrated with Emily's demands to Ross. Monica and Rachel mistake their new neighbor for a yeti. Phoebe receives a fur coat as a family heirloom from her mother.,Gary Halvorson,8.1
5,7,16,The One Where Ross Moves In,27,Ross moves in with Chandler and Joey after Emily's cousin kicks him out of his apartment. Phoebe dates a health inspector. Rachel plays hard-to-get with Danny.,Gary Halvorson,8.4
5,8,15,The One with All the Thanksgivings,34,The gang remember and share with each other their worst Thanksgivings.,Kevin Bright,9.2
5,9,13,The One with Ross's Sandwich,28,Joey finds himself constantly covering for Chandler and Monica's affair. Ross becomes angry when someone at work eats his sandwich. Phoebe and Rachel enroll in a literature class.,Gary Halvorson,9.1
5,10,17,The One with the Inappropriate Sister,37,A bored Ross wreaks havoc in Chandler and Joey's lives. Rachel is uncomfortable with Danny's unusually close relationship with his sister. Phoebe runs into trouble whilst collecting donations for the poor during Christmas.,Dana De Vally Piazza,8.2
5,11,11,The One with All the Resolutions,32,The gang make their New Years resolutions. Chandler struggles to not make jokes about everyone. Rachel uncovers a secret. Ross runs into trouble when he wears leather pants on a date.,Joe Regalbuto,9.1
5,12,15,The One with Chandler's Work Laugh,34,Monica becomes annoyed at how Chandler sucks up to his boss by mimicking his boss's laugh and laughing at his tasteless jokes. Ross hooks up with Janice when he finds out Emily is getting married.,Kevin Bright,8.3
5,13,12,The One with Joey's Bag,23,Phoebe's grandmother dies and is shocked when her father turns up at the funeral. Meanwhile Rachel gives Joey a man's bag for an audition and Chandler is scared to tell Monica he doesn't like her massages.,Gail Mancuso,8.1
5,14,11,The One Where Everybody Finds Out,33,When Phoebe finds out about Monica and Chandler she and Rachel attempt to get them to confess their relationship.,Michael Lembeck,9.7
5,15,13,The One with the Girl Who Hits Joey,35,Ross makes enemies out of his new neighbors. Chandler freaks out about his relationship with Monica. Joey dates a girl who likes to playfully punch him but she doesn't realize she punches him too hard and Joey is reluctant to tell her.,Kevin Bright,8.5
5,16,13,The One with the Cop,20,Joey has a dream about Monica and becomes convinced he is in love with her. Meanwhile Phoebe finds a police badge in Central Perk and Ross tries to get his new sofa into his apartment.,Andrew Tsao,8.6
5,17,16,The One with Rachel's Inadvertent Kiss,38,Rachel has an awkward encounter when she interviews for a new job. Monica becomes jealous of Phoebe and Gary. Joey searches for a 'hot girl' in Ross's building.,Shelley Jensen,8.5
5,18,14,The One Where Rachel Smokes,27,Rachel takes up smoking to feel more included at work. Joey auditions for a soup commercial with Ross's son Ben but they end up competing against each other. Monica and Phoebe plan Rachel's surprise birthday party one month in advance.,Todd Holland,8.0
5,19,6,The One Where Ross Can't Flirt,30,As Joey's grandmother visits to watch him on TV Ross has trouble flirting with the pizza delivery girl and Rachel tries to find an earring of Monica's that she has misplaced.,Gail Mancuso,8.7
5,20,12,The One with the Ride Along,27,The guys go on a ride-along with Gary. Rachel accidentally deletes a message from Emily on Ross's answering machine.,Gary Halvorson,8.3
5,21,12,The One with the Ball,21,Gary asks Phoebe to move in with him but she's reluctant to and to overcome boredom. Ross and Joey start throwing a ball to each other. Rachel buys an expensive cat but it doesn't behave as she hoped it would.,Gary Halvorson,8.5
5,22,12,The One with Joey's Big Break,29,Joey drives to Las Vegas to shoot to shoot a new movie where he is in the lead role. Rachel gets an eye infection but is reluctant to seek treatment because of her eye phobia. Phoebe is mad at Ross but doesn't know why.,Gary Halvorson,8.3
5,23,13,The One in Vegas: Part 1,24,The gang go to Las Vegas to visit Joey. Chandler is angry when he finds out Monica had lunch with Richard. Ross and Rachel try to embarrass each other after an awkward encounter.,Kevin Bright,8.8
5,24,15,The One in Vegas: Part 2,24,Chandler and Monica reconcile and hastily decide to get married. Ross and Rachel get drunk and roam the casino. Phoebe deals with a 'lurker' on the slot machines.,Kevin Bright,9.1
6,1,14,The One After Vegas,19,Ross and Rachel deal with the aftermath of their drunken escapade. Phoebe and Joey take a road trip back to New York in Phoebe's grandmother's cab. Monica and Chandler ponder the idea of marriage.,Kevin Bright,8.7
6,2,11,The One Where Ross Hugs Rachel,30,Monica and Chandler try to tell Rachel and Joey that they're moving in together. Phoebe thinks that Ross didn't get the annulment because he still loves Rachel.,Gail Mancuso,8.2
6,3,14,The One with Ross's Denial,26,Ross tries to deny he still has feelings for Rachel. Joey interviews for a new roommate. Monica and Chandler argue over what to do with the spare room when they move in together.,Gary Halvorson,8.2
6,4,18,The One Where Joey Loses His Insurance,38,Joey's health benefits lapse just as he develops a hernia. Ross is given a professorship at NYU and eager to impress his students he puts on a fake English accent.,Gary Halvorson,8.5
6,5,13,The One with Joey's Porsche,27,Ross and Rachel try to get an annulment. Joey finds the keys to a porsche in Central Perk and Phoebe Monica and Chandler babysit the triplets.,Gary Halvorson,8.2
6,6,14,The One on the Last Night,25,On the last night before Chandler and Monica move in together Monica and Rachel argue and Chandler tries to give Joey money to help him pay the bills.,David Schwimmer,8.5
6,7,15,The One Where Phoebe Runs,25,Rachel is embarrassed by Phoebe's odd running style. Joey gets a new roommate. Chandler tries to impress Monica by cleaning the apartment but forgets how everything is supposed to look.,Gary Halvorson,8.4
6,8,17,The One with Ross' Teeth,24,Ross goes too far while trying to impress a date by over-whitening his teeth. Rachel uses gossip to get her boss to like her after Phoebe supposedly makes out with Ralph Lauren.,Gary Halvorson,8.5
6,9,8,The One Where Ross Got High,27,Ross is forced to reveal the reason why Jack and Judy don't like Chandler. Rachel tries to make dessert for the gang. Joey and Ross try to get out of Thanksgiving when they are invited to hang out with Janine and her dancer friends.,Kevin Bright,9.2
6,10,12,The One with the Routine,24,On the set of Dick Clark's New Year's Rockin' Eve Joey tries to kiss Janine at midnight and Monica and Ross resurrect their dance routine from high school. Meanwhile Rachel Phoebe and Chandler look for Monica's Christmas presents.,Kevin Bright,8.6
6,11,13,The One with the Apothecary Table,33,Joey is caught in the middle when Janine tells him she doesn't like Monica and Chandler. Meanwhile Rachel buys an apothecary table from a store that Phoebe hates.,Kevin Bright,8.1
6,12,13,The One with the Joke,21,Chandler and Ross argue over a joke. Meanwhile Joey reluctantly takes a waiter job at Central Perk and Monica becomes annoyed when Phoebe says she would choose Rachel over her as a girlfriend.,Gary Halvorson,8.1
6,13,11,The One with Rachel's Sister,28,Rachel's younger sister arrives in New York and goes on a date with Ross. Meanwhile Monica won't admit that she is sick.,Gary Halvorson,8.2
6,14,13,The One Where Chandler Can't Cry,32,Rachel tries to end the spark between Ross and Jill. When Chandler admits that he can't cry Monica tries to make it happen. The gang discovers that Phoebe's sister Ursula is a porn star and is using Phoebe's name.,Kevin Bright,8.6
6,15,12,The One That Could Have Been,28,When Rachel hears Barry and Mindy are getting divorced the gang wonder how different their lives could have been.,Michael Lembeck,8.5
6,16,17,The One That Could Have Been,28,The gang continue to think about how different their lives could have been.,Michael Lembeck,8.5
6,17,15,The One with Unagi,18,Rachel and Phoebe take self-defense classes. Chandler and Monica agree to give each other homemade presents for Valentine's Day. Joey tries to get money through medical research.,Gary Halvorson,9.1
6,18,20,The One Where Ross Dates a Student,34,Ross jeopardizes his career when he starts dating a student from one of his palaeontology classes. Rachel and Phoebe's apartment catches fire.,Gary Halvorson,8.3
6,19,13,The One with Joey's Fridge,26,Joey tries to get everyone to pay for his broken fridge. Ross becomes paranoid when Elizabeth makes plans for spring break. Monica and Chandler compete against Phoebe to find Rachel a date.,Ben Weiss,8.3
6,20,12,The One with Mac and C.H.E.E.S.E.,33,Chandler forgets to write down a message for Joey when the time of his audition for the lead in a TV show is changed.,Kevin Bright,7.4
6,21,16,The One Where Ross Meets Elizabeth's Dad,40,Elizabeth's father takes an instant disliking to Ross. Joey almost gets fired from 'Mac and C.H.E.E.S.E.' after offending the operator of the robot. Phoebe writes a book based on Monica and Chandler.,Michael Lembeck,8.6
6,22,15,The One Where Paul's the Man,28,Paul threatens to have Ross fired from the university if he continues to date Elizabeth. The girls put their names down on a waiting list for a wedding venue.,Gary Halvorson,9.0
6,23,16,The One with the Ring,21,Chandler and Phoebe go looking for an engagement ring for Monica. Rachel tries to get Paul to open up to her.,Gary Halvorson,8.6
6,24,15,The One with the Proposal,25,Chandler's plan to propose to Monica at dinner is interrupted by Richard. Joey accidentally buys a boat at a silent auction. Ross and Elizabeth's relationship comes to a crossroad.,Kevin Bright,8.8
6,25,12,The One with the Proposal,25,Chandler continues to pretend to hate the idea of marriage unaware Richard wants Monica back. Meanwhile Rachel and Phoebe discuss their 'back-up' plans.,Kevin Bright,9.3
7,1,11,The One with Monica's Thunder,29,The gang celebrate Monica and Chandler's engagement however Ross and Rachel upstage them by briefly reuniting. Joey tries to dress and act like a nineteen-year-old for an audition.,Kevin Bright,8.4
7,2,13,The One with Rachel's Book,26,Monica learns her parents have spent her entire wedding fund. Phoebe temporarily moves into Ross's apartment bringing her massage clients with her. Joey mocks Rachel when he finds an erotic novel she is reading.,Michael Lembeck,8.3
7,3,12,The One with Phoebe's Cookies,29,Monica tries to figure out Phoebe's grandmother's secret cookie recipe. Meanwhile Rachel tries to teach Joey how to sail and Chandler has an awkward encounter when he tries to bond with Jack.,Gary Halvorson,8.1
7,4,15,The One with Rachel's Assistant,31,Chaos ensues when Monica and Chandler decide to share each other's secrets. Rachel gets a promotion and interviews for an assistant. Joey is offered the chance to go back on 'Days of Our Lives'.,David Schwimmer,8.1
7,5,16,The One with the Engagement Picture,35,Chandler struggles to photograph well for his and Monica's engagement picture. Joey teaches Tag how to pick up women much to Rachel's annoyance. Phoebe and Ross date a couple who are divorcing.,Gary Halvorson,8.1
7,6,13,The One with the Nap Partners,29,Joey and Ross accidentally take a nap together - and much to their dismay find that they like it. Phoebe and Rachel compete to become Monica's maid of honor.,Gary Halvorson,8.9
7,7,13,The One with Ross's Library Book,32,Ross and Chandler discovers that Ross's book is in the section of the library where students go to have sex. Monica and Chandler run into Janice and she immediately invites herself to the wedding. They try to avoid her. Meanwhile Rachel and Phoebe befriend Joey's girlfriend.,David Schwimmer,8.5
7,8,8,The One Where Chandler Doesn't Like Dogs,40,Ross struggles to name all 50 states in a game. Joey compromises Rachel's chances with her crush Tag during Thanksgiving dinner. Phoebe sneaks a dog into the apartment making Chandler extremely nervous.,Kevin Bright,8.2
7,9,13,The One with All the Candy,26,Monica makes candy to get to know her neighbours. Rachel and Tag try to hide their relationship at work and Ross buys Phoebe a bike.,David Schwimmer,8.1
7,10,14,The One with the Holiday Armadillo,34,Ross wants to introduce Ben to Hanukkah. In order to entice Rachel to move back into their refurbished apartment Phoebe must drive a wedge between Rachel and current roomie Joey.,Gary Halvorson,8.5
7,11,16,The One with All the Cheesecakes,32,Chandler refuses to give back a cheesecake accidentally delivered to his apartment. Phoebe gets angry with Joey when he blows off dinner with her for a date.,Gary Halvorson,8.6
7,12,20,The One Where They're Up All Night,34,After the gang head up to the roof to see a passing comet separate events unfold that lead to them all having a sleepless night.,Kevin Bright,8.7
7,13,18,The One Where Rosita Dies,25,Rachel breaks Joey's armchair. Phoebe takes a temp job in a call centre. Ross and Monica find out their parents are selling their childhood home.,Stephen Prime,8.4
7,14,14,The One Where They All Turn Thirty,34,Rachel's 30th birthday prompts the rest of the gang to reminisce about their own 30th celebrations.,Ben Weiss,8.6
7,15,15,The One with Joey's New Brain,29,Joey gets training from the actress he is replacing on 'Days of Our Lives'. Rachel and Phoebe find a cute guy's cellphone in Central Perk and fight over who gets to call him to return it. Ross practices playing bagpipes for Monica and Chandler's wedding much to their horror.,Kevin Bright,8.4
7,16,15,The One with the Truth About London,35,Chandler is shocked to find out who Monica really wanted to sleep with the night they first got together. Meanwhile Rachel gets into trouble with Ross when she teaches Ben practical jokes.,David Schwimmer,8.7
7,17,13,The One with the Cheap Wedding Dress,36,Monica Rachel and Phoebe go to a wedding-dress sale to buy the dress Monica picked out. Ross has a date with Kristen who just moved in across the street but the problem is that Joey had a date with her too. They will let Kristen decide who she wants but she walks away when she hears the guys playing each other out.,Kevin Bright,8.4
7,18,16,The One with Joey's Award,25,Joey is nominated for a Soapy Award for his part on Days of Our Lives and Rachel is his date to the ceremony. Joey doesn't win the award but takes someone else's award home. Rachel convinces him to take it back because he can't be happy with an award he didn't win. One of Ross' students failed the midterms because he is in love with Ross and can't concentrate in class so Ross changes his grade. But now more students come to Ross pretending to be in love with him in order to get a better grade. When Rachel and Joey take the Soapy back the real winner just throws it away saying it's not good enough for her so Joey takes it back home. Monica really loves Chandler but it scares her that she will never have the rush of the beginning of meeting someone new again. Chandler reassures her and she realizes she is going to have a lot of new things with Chandler as well.,Gary Halvorson,8.4
7,19,17,The One with Ross and Monica's Cousin,37,Joey auditions for a naked role in a big movie. Rachel and Phoebe plan Monica's wedding shower. Ross becomes attracted to his cousin after she visits.,Gary Halvorson,8.7
7,20,12,The One with Rachel's Big Kiss,30,Rachel's college friend can't remember a scandalous kiss from the past. Chandler and Ross argue for possession of Val Kilmer's tuxedo.,Gary Halvorson,8.4
7,21,6,The One with the Vows,21,Monica and Chandler are getting married in four weeks and have to write their vows but neither has a clue what to say so they reflect on their past.,Gary Halvorson,7.5
7,22,16,The One with Chandler's Dad,27,Ross and Rachel hit the freeway together when Monica's Porsche shows up again. Chandler and Monica go off to Vegas to find Chandler's estranged dad.,Kevin Bright,8.4
7,23,13,The One with Monica and Chandler's Wedding: Part 1,50,So close to the wedding Chandler suddenly realizes the overwhelming meaning of getting married. Meanwhile Joey acts opposite a famous actor in a movie but can't bring himself to tell him that he spits when he says his lines.,Kevin Bright,8.9
7,24,13,The One with Monica and Chandler's Wedding: Part 2,50,Ross tries to find Chandler with Phoebe's help. Meanwhile Rachel tries to hinder Monica.,Kevin Bright,9.2
8,1,6,The One After I Do,18,The gang learns that Rachel is pregnant. Joey tries to impress a Broadway director who's dating Chandler's mom. Chandler's shoes make it hard for him to dance.,Kevin Bright,8.7
8,2,12,The One with the Red Sweater,28,Monica Phoebe and Joey advise Rachel to tell the father about the pregnancy. Chandler and Ross lose the wedding photos.,David Schwimmer,9.1
8,3,12,The One Where Rachel Tells...,29,Monica and Chandler leave for their honeymoon. Joey and Phoebe don't have a key to Monica and Chandler's apartment and need to get in so they tell Treeger that there's a gas leak. A fireman comes to break the door in so they have to explain the broken door to Monica. Rachel finally tells Ross that she is pregnant and he's shocked - but he promises to be there for her - he even wants to marry her. Rachel doesn't want to marry Ross because they're not in love and she is certain that she can raise the child on her own. They go to the doctor together and look at the first picture of their baby.,Sheldon Epps,8.7
8,4,10,The One with the Videotape,26,Ross and Rachel tell everyone about the night they were together. They have two different stories of how it happened until Ross accidentally reveals that he videotaped it. Not surprisingly everyone wants to see it.,Kevin Bright,9.3
8,5,16,The One with Rachel's Date,26,Phoebe dates Monica's sous-chef Tim and Monica doesn't fire him for Phoebe's sake. When Phoebe decides to dump Tim Monica can finally fire him. Rachel has a date with Kash a co-star on 'Days of Our Lives'. Ross thinks it's weird because whoever takes Rachel out takes his baby out too. He always pictured that his next child would grow up in a happy family. Rachel's date was terrible because she made the mistake of mentioning she was pregnant. Ross reassures her it isn't so bad because when she has the baby she will love someone more than she ever loved anyone.,Gary Halvorson,8.1
8,6,6,The One with the Halloween Party,32,Monica and Chandler decide to throw a Halloween party. Phoebe runs into Ursula and her fiancée who knows nothing about the real Ursula.,Gary Halvorson,8.5
8,7,16,The One with the Stain,22,Chandler hires a maid whom Monica suspects is stealing her clothing. Eric has trouble forgetting Ursula when he breaks up with her to date Phoebe.,Kevin Bright,7.9
8,8,15,The One with the Stripper,25,Chandler finds out that Monica had a bachelorette party with a stripper even though they promised not to have bachelor/bachelorette parties. Rachel takes Phoebe along to dinner with Rachel's dad because she is afraid her dad will be really angry when she tells him she's pregnant. Mr. Green is delighted to hear he will be a grandfather but freaks out when he finds out that Rachel isn't getting married so she just tells him that Ross won't marry her. Monica feels bad about having had a bachelorette party so she organizes a bachelor party including a stripper for Chandler. Joey is the only guest because Ross has a date with Mona that night and Chandler is embarrassed and doesn't really want to have the party at all. The stripper arrives but turns out to be a hooker. Mr. Green goes to see Ross to yell at him but unfortunately for Ross Mona is there too so they both start yelling at him. Rachel explains everything to her dad and to Mona who makes up with Ross.,David Schwimmer,8.8
8,9,4,The One with the Rumor,22,Monica invites Will an old school friend of her and Ross over for Thanksgiving dinner unaware he isn't too fond of Rachel.,Gary Halvorson,9.3
8,10,13,The One with Monica's Boots,27,Monica's expensive new boots hurt her feet but she's determined to prove to Chandler that her purchase was worth it. Ben goes to school with Sting's son.,Kevin Bright,8.1
8,11,14,The One with Ross's Step Forward,32,Joey wants to take Rachel to dinner on a pretend date to practice his dating skills but soon develops romantic feelings for her. Monica Phoebe and Chandler are addicted to Mrs. Pacman.,Gary Halvorson,8.0
8,12,16,The One Where Joey Dates Rachel,31,Joey wants to take Rachel to dinner on a pretend date to practice his dating skills but soon develops romantic feelings for her. The gang is addicted to Mrs. Pacman.,David Schwimmer,8.5
8,13,12,The One Where Chandler Takes a Bath,35,Monica turns Chandler on to the concept of taking a bath to relax. Ross and Rachel toss baby names around while deciding whether to learn the baby's sex.,Ben Weiss,8.6
8,14,13,The One with the Secret Closet,30,Chandler's very curious about a locked closet but Monica won't tell him what is inside.,Kevin Bright,8.2
8,15,13,The One with the Birthing Video,31,During Valentine's Day Chandler discovers the miracle of birth seeing an extremely graphic video.,Kevin Bright,8.4
8,16,10,The One Where Joey Tells Rachel,31,Ross freaks out when Joey tells him that he is in love with Rachel because Ross is afraid that they will get married and raise his kid together. Phoebe dates a guy called Don who she thinks is Monica's soul-mate and introduces Don to Monica to see what will happen. Monica and Don get along perfectly. Ross goes to tell Joey that he doesn't hate him and Joey promises to never act on his feelings for Rachel because he won't jeopardize his friendship to Ross. But when Ross realizes that Joey really is in love for the first time he tells Joey to tell Rachel. When Joey tells Rachel it is clear that she doesn't feel the same way about Joey and they both start crying.,Ben Weiss,8.3
8,17,14,The One with the Tea Leaves,27,Chandler and Monica are happy together - their worst problem is his habit to put CDs in the wrong box and their different taste in music. Rachel is desperate to get back on good terms with Joey so she takes Monica's advice to change the subject to something work-related. However in another uncomfortable conversation she manages to convince Joey that her boss Mr. Zelner wants to buy her baby. When Phoebe resumes reading tea leaves she sees that she'll meet the man of her dreams soon and takes that to be Jim who she keeps bumping into. However she soon finds he isn't quite that nice and may be too crazy even for her! Ross is determined to get his favorite pink ('light salmon shade') shirt back from Mona's so he sneaks in with the key and dives behind the couch when she enters with a studly new lover.,Gary Halvorson,8.1
8,18,7,The One in Massapequa,21,Everyone prepares for the Gellers' 35th wedding anniversary in Long Island. Monica struggles to prepare the perfect toast. Phoebe invites her new boyfriend Parker.,Gary Halvorson,8.2
8,19,13,The One with Joey's Interview,29,Joey prepares for his epic interview with Soap Opera Digest reminiscing about his past acting experiences his friends and his romantic life.,Gary Halvorson,7.5
8,20,10,The One with the Baby Shower,28,Monica and Phoebe throw Rachel a baby shower but forget to invite Rachel's mom. Rachel realizes she has no idea how to look after the baby after the birth. Meanwhile Joey auditions for a job as a host for a new game show called 'Bamboozled' and Chandler and Ross help him practice.,Kevin Bright,8.2
8,21,15,The One with the Cooking Class,30,Monica's restaurant get a bad review. After confronting the critic who wrote it she decides to join a cooking class with Joey in tow. Rachel gets jealous when Ross hits it off with a woman at the baby department store.,Gary Halvorson,8.2
8,22,12,The One Where Rachel Is Late,28,Monica and Phoebe bet on when Rachel's baby will be born as the due date comes and goes as Rachel becomes extremely irritable. Chandler falls asleep at Joey's big movie premiere.,Gary Halvorson,8.3
8,23,13,The One Where Rachel Has a Baby: Part 1,39,Ross and Rachel go to the hospital to have their baby but it's a long labor. They get stuck in a semi-private room and many other couples come and go before Rachel is ready to deliver - the last couple being Janice and her new husband. Chandler and Monica decide to start trying to have a baby.,Kevin Bright,8.8
8,24,16,The One Where Rachel Has a Baby: Part 2,39,After Rachel gives birth to her baby she must confront relationship issues around her.,Kevin Bright,8.9
9,1,11,The One Where No One Proposes,29,Rachel thinks that Joey has proposed to her. Monica and Chandler begin trying to have a baby.,Kevin Bright,8.6
9,2,13,The One Where Emma Cries,24,Chandler having trouble getting enough sleep at home falls asleep in a meeting and accidentally agrees to run his company's Tulsa office.,Sheldon Epps,8.5
9,3,16,The One with the Pediatrician,29,Joey arranges a blind date for Phoebe. Chandler is leaving for Tulsa without Monica because she has got a great job offer.,Roger Christiansen,8.2
9,4,12,The One with the Sharks,23,Monica thinks Chandler is aroused by shark documentaries.,Ben Weiss,8.2
9,5,13,The One with Phoebe's Birthday Dinner,37,Phoebe will celebrate her birthday by having a dinner with her friends at a fancy restaurant. But everybody is late to the dinner due to a series of problems.,David Schwimmer,8.5
9,6,19,The One with the Male Nanny,27,Looking for a new nanny Ross and Rachel hire a male nanny named Sandy. Monica tells Chandler that a guy at work is the funniest guy she has ever met.,Kevin Bright,8.4
9,7,13,The One with Ross's Inappropriate Song,38,Ross finds a way to make Emma laugh - singing 'Baby Got Back'. Meanwhile Phoebe meets Mike's parents and Joey and Chandler find a video tape in Richard's apartment.,Gary Halvorson,8.7
9,8,2,The One with Rachel's Other Sister,34,Rachel's middle sister shows up at Thanksgiving and causes arguments amongst the gang.,Kevin Bright,8.8
9,9,10,The One with Rachel's Phone Number,34,Rachel is ready to start hanging out again. She and Phoebe go to a bar where they meet two guys.,Ben Weiss,8.2
9,10,16,The One with Christmas in Tulsa,31,Chandler must spend Christmas in Tulsa which Monica thinks he might have an affair with a former Miss Oklahoma runner-up while he is there. Chandler comes home early to announce that he quit his job.,Kevin Bright,7.5
9,11,16,The One Where Rachel Goes Back to Work,38,Chandler starts looking for a job and is anxious about having a baby Rachel decides to go back to work and Phoebe works as an extra on Joey's show.,Gary Halvorson,8.0
9,12,12,The One with Phoebe's Rats,26,Ross makes Joey stay away from their new nanny. Mike accidentally kills Phoebe's rat. Gavin gives Rachel a scarf and a kiss for her birthday.,Ben Weiss,8.0
9,13,15,The One Where Monica Sings,26,A night at Mike's piano bar gives Monica a very showy moment in the spotlight. Chandler employs his secret skill to repair Joey's botched eyebrow-waxing job.,Gary Halvorson,8.2
9,14,15,The One with the Blind Dates,28,Phoebe and Joey purposely set Ross and Rachel up on bad dates in the hopes they'll get back together. Monica and Chandler babysit Emma.,Gary Halvorson,8.2
9,15,14,The One with the Mugging,24,Joey gets a part in a stage-play in a painful way. Ross and Phoebe are mugged outside Central Perk. Phoebe realizes that she mugged Ross 18 years ago. Chandler starts his new career as advertising writer.,Gary Halvorson,8.3
9,16,14,The One with the Boob Job,25,When Monica and Chandler both ask Joey for money not wanting the other to know why they are asking for it Chandler sees that Joey gave money to Monica. Joey makes up that Monica is getting a boob job. Phoebe asks Mike to move in with her but decides not to when she and Mike argue about their future. Rachel attempts to baby-proof the apartment but makes Joey go insane when he can't open anything.,Gary Halvorson,8.2
9,17,13,The One with the Memorial Service,33,When Chandler and Ross joke around on their college website Ross is accused of being dead which leads to the fact that he was not popular in college. Joey is not willing to give his favorite stuffed animal Hugsy to Emma. Monica helps Phoebe not call Mike.,Gary Halvorson,8.5
9,18,4,The One with the Lottery,24,Hoping to win a huge jackpot the friends pool their money and buy dozens of lottery tickets. However they bicker over how to spend the fortune if they win and Monica irritates everyone else by buying tickets just for her and Chandler.,Gary Halvorson,8.6
9,19,13,The One with Rachel's Dream,27,After Rachel goes to the 'Days of our Lives' set with Joey she has a romantic dream about him or is she having a dream about Drake? Chandler surprises Monica with a weekend getaway. Although she can't go Chandler takes Ross instead. Phoebe drives everyone away from Monica's restaurant with her bad singing.,Terry Hughes,8.1
9,20,11,The One with the Soap Opera Party,33,Joey throws a cast party on the roof of his building where he ends up making out with an attractive professor that Ross had a crush on.,Sheldon Epps,8.2
9,21,14,The One with the Fertility Test,31,Still unable to conceive Monica and Chandler decide to get tests done at a fertility clinic where they run into Chandler's favorite ex Janice. Rachel receives a gift certificate for a free massage at a chain massage center. Phoebe chastises Rachel for even thinking about going to a massage chain which she feels takes away business from independent massage therapists like herself. however Phoebe actually works at this specific massage chain. Rachel says she won't go and even tears up the gift certificate but she later tapes it back together goes for her free massage and gets Phoebe as her masseuse. Joey and Charlie's relationship progresses. Joey confides in Ross that Charlie might be too smart for him. As Charlie wants to go to the 'Met' (not to see 'The Mets' as Joey originally assumes) Ross coaches Joey on the museum's layout and certain paintings on a planned route through the museum.,Gary Halvorson,8.2
9,22,12,The One with the Donor,22,After finding about their chances of getting pregnant Monica and Chandler search for the perfect guy to give them his sperm to get them a baby. Ross works on writing his speech. Charlie goes shopping with Phoebe and Rachel which makes Charlie think Phoebe likes Joey. Phoebe shops for the perfect dress for a party that Mike is going to be at but she bumps into David on the way and forgets about the party. Monica and Chandler decide to adopt children instead of getting a donor.,Ben Weiss,7.8
9,23,12,The One in Barbados,19,Chandler gives advice to David but that makes David want to propose to Phoebe. Although Phoebe is still in love with Mike. Monica calls Mike who shows up there right in the middle of David's proposal. Mike proposes instead. Phoebe gets back together with Mike but doesn't accept his proposal. Monica's hair gets all poofy after getting off the plane. Charlie and Ross enjoy themselves when rewriting Ross's speech. Rachel keeps changing her mind on when to tell Joey that she has feelings for him.,Kevin Bright,8.5
9,24,12,The One in Barbados,19,Charlie dumps Joey for Ross. Rachel finally tells Joey that she has had feelings for him. Joey doesn't want to proceed with Rachel because he couldn't do that to Ross. But after he sees Charlie and Ross kissing he heads upstairs to share a romantic kiss with Rachel. Monica's hair keeps growing. Monica and Mike compete in an unfriendly way.,Kevin Bright,8.6
10,1,10,The One After Joey and Rachel Kiss,34,Joey and Ross both attempt to come clean to each other that they're dating Rachel and Charlie. Phoebe finds out Mike has another girlfriend.,Kevin Bright,8.5
10,2,12,The One Where Ross Is Fine,26,Rachel and Joey fear for Ross's state of mind after he finds out about their relationship. Chandler and Monica visit some friends of Phoebe to get advice on adoption. Frank and the triplets come to visit.,Ben Weiss,8.8
10,3,13,The One with Ross's Tan,23,Ross goes to a tanning salon but fails to follow the 'simple' instructions. Joey and Rachel struggle to make the transition from friends to lovers. Monica and Phoebe try to avoid an annoying woman that used to live in their building.,Gary Halvorson,8.8
10,4,4,The One with the Cake,21,On Emma's first birthday Ross and Rachel convince everyone to delay their plans so they can attend her party however plans go awry when Emma's birthday cake is revealed.,Gary Halvorson,8.3
10,5,14,The One Where Rachel's Sister Babysits,38,Rachel's sister Amy comes to visit and moves in with her and Joey. Phoebe constantly and accidentally ruins Mike's proposals. Joey struggles to write a letter of recommendation for Monica and Chandler's adoption agency.,Roger Christiansen,8.2
10,6,18,The One with Ross' Grant,24,Ross applies for a paleontology grant and finds out Charlie's ex-boyfriend reviews the applications. Monica and Rachel fight over who has to take Phoebe's ugly painting.,Ben Weiss,8.2
10,7,14,The One with the Home Study,27,Monica and Chandler nervously prepare for a visit from an adoption worker. Phoebe and Mike keep changing their minds about donating their wedding money to charity. Ross fights Rachel's fear of swings.,Kevin Bright,8.3
10,8,9,The One with the Late Thanksgiving,34,Joey Ross Rachel and Phoebe convince Monica and Chandler to host Thanksgiving however the four of them end up arriving to dinner an hour late.,Gary Halvorson,8.9
10,9,14,The One with the Birth Mother,29,Nervous and excited Monica and Chandler travel to Ohio to meet a young pregnant woman Erica Simmons who is considering allowing them to adopt her child when it's born.,David Schwimmer,8.6
10,10,7,The One Where Chandler Gets Caught,34,Chandler and Monica have decided they want to raise their offspring in a suburban house and even find a perfect one in Westchester. Rachel and Phoebe see Chandler enter a car with his realtor Nancy and think he's cheating on Monica. After that misunderstanding is cleared the other Friends are shocked the couple wants to leave Manhattan and everybody starts reminiscing about living in New York as a gang until Nancy calls about their bid on the house.,Gary Halvorson,8.0
10,11,14,The One Where the Stripper Cries,32,Old secrets come to light when Ross and Chandler attend a college reunion. Monica and Rachel throw Phoebe a bachelorette party. Joey appears as a celebrity partner on a game show.,Kevin Bright,9.0
10,12,12,The One with Phoebe's Wedding,29,Chaos ensues as Phoebe and Mike prepare to get married.,Kevin Bright,8.9
10,13,13,The One Where Joey Speaks French,32,Phoebe tries to teach Joey to speak French for an audition. Ross and Rachel head out to Long Island after her dad has a heart attack.,Gary Halvorson,8.5
10,14,13,The One with Princess Consuela,30,When Phoebe goes to get her name changed she realizes she can change it to anything she wants so she changes it to Princess Consuela Banana Hammock to Mike's displeasure. Chandler finds out that Monica never changed her last name. Monica and Chandler take Joey to their house to convince him it is a good move and he tries to find anything wrong with the house so they won't buy it. Rachel goes to a job interview at a restaurant but her current boss is sitting right beyond her costing her her job at Ralph Lauren. When cleaning out her office she bumps into Mark who takes her for dinner to discuss a job offer for her. And Ross got tenure.,Gary Halvorson,8.6
10,15,13,The One Where Estelle Dies,26,Ross tries to get Rachel to go back to Ralph Lauren. Joey doesn't know that his agent has died and Monica and Chandler bump into Janice.,Gary Halvorson,8.5
10,16,14,The One with Rachel's Going Away Party,38,The gang throws Rachel a goodbye party during which she says goodbye to everybody individually.,Gary Halvorson,8.9
10,17,14,The Last One: Part 1,20,Erica gives birth to the baby that Monica and Chandler are adopting. However there's one small added surprise. Meanwhile Ross and Rachel sleep together one last time before Rachel leaves to start a new life in Paris but Ross realises that he still loves her.,Kevin Bright,9.5
10,18,11,The Last One: Part 2,20,Phoebe races Ross to the airport in a bid to stop Rachel from leaving for Paris. Monica and Chandler pack up their apartment ahead of their move to their new house and Joey buys Chandler a new chick and duck as a leaving present.,Kevin Bright,9.7
